Track,ID,Area,Time,Radius,X,Y,Cell size,Roi label,Experiment,Genotype
0,31728,35.0,0,3.4525,415.071428571,736.271428571,98665.0,0001-0007-0736,1,WT
0,31764,36.0,3,3.7655,409.777777778,729.277777778,98665.0,0004-0008-0729,1,WT
0,31780,36.0,5,3.5155,419.111111111,723.361111111,98665.0,0006-0004-0723,1,WT
0,31785,32.0,6,3.404,415.34375,711.4375,98665.0,0007-0003-0711,1,WT
0,31754,37.0,2,3.7025,415.5,734.013513514,98665.0,0003-0008-0734,1,WT
0,31739,33.0,1,3.404,418.984848485,746.106060606,98665.0,0002-0008-0746,1,WT
0,31774,34.0,4,3.404,412.764705882,719.5,98665.0,0005-0006-0719,1,WT
1,31745,30.0,1,3.805,423.233333333,830.166666667,98665.0,0002-0014-0829,1,WT
1,31731,41.0,0,5.34125,424.719512195,828.93902439,98665.0,0001-0010-0829,1,WT
2,31777,55.0,5,5.3625,585.372727273,624.318181818,98665.0,0006-0001-0623,1,WT
2,31747,177.0,2,9.3935,588.52259887,626.793785311,98665.0,0003-0001-0626,1,WT
2,31732,144.0,1,7.066,588.458333333,635.743055556,98665.0,0002-0001-0636,1,WT
2,31769,32.0,4,4.53025,585.90625,622.9375,98665.0,0005-0001-0622,1,WT
2,31723,144.0,0,6.9665,591.631944444,635.868055556,98665.0,0001-0002-0636,1,WT
2,31757,93.0,3,6.046,586.295698925,625.38172043,98665.0,0004-0001-0624,1,WT
3,31748,163.0,2,7.562,550.303680982,647.849693252,98665.0,0003-0002-0647,1,WT
3,31733,187.0,1,8.05125,554.788770053,656.927807487,98665.0,0002-0002-0657,1,WT
3,31770,61.0,4,5.44125,551.336065574,643.106557377,98665.0,0005-0002-0642,1,WT
3,31724,185.0,0,8.05125,556.954054054,654.9,98665.0,0001-0003-0654,1,WT
3,31759,118.0,3,6.68875,551.644067797,644.991525424,98665.0,0004-0003-0644,1,WT
4,31760,62.0,3,4.6925,536.016129032,657.35483871,98665.0,0004-0004-0657,1,WT
4,31749,77.0,2,6.0445,535.266233766,657.422077922,98665.0,0003-0003-0657,1,WT
4,31734,67.0,1,5.08325,540.485074627,668.141791045,98665.0,0002-0003-0668,1,WT
4,31771,72.0,4,4.95425,536.638888889,657.402777778,98665.0,0005-0003-0657,1,WT
4,31725,62.0,0,4.9425,541.193548387,668.935483871,98665.0,0001-0004-0669,1,WT
5,31761,270.0,3,10.45025,518.22962963,672.844444444,98665.0,0004-0005-0671,1,WT
5,31778,298.0,5,13.837,522.399328859,667.604026846,98665.0,0006-0002-0665,1,WT
5,31797,43.0,9,5.3895,518.220930233,667.453488372,98665.0,0010-0004-0666,1,WT
5,31750,477.0,2,12.656,518.778825996,677.229559748,98665.0,0003-0004-0676,1,WT
5,31735,574.0,1,14.25425,519.660278746,681.351916376,98665.0,0002-0004-0681,1,WT
5,31784,103.0,6,7.71825,517.247572816,669.762135922,98665.0,0007-0002-0668,1,WT
5,31801,44.0,10,5.753,518.568181818,667.136363636,98665.0,0011-0002-0666,1,WT
5,31787,55.0,7,6.18175,517.045454545,668.809090909,98665.0,0008-0002-0667,1,WT
5,31772,236.0,4,9.94475,518.461864407,671.991525424,98665.0,0005-0004-0670,1,WT
5,31804,31.0,11,4.55325,517.048387097,668.177419355,98665.0,0012-0002-0667,1,WT
5,31726,572.0,0,14.46725,521.031468531,682.902097902,98665.0,0001-0005-0682,1,WT
5,31790,96.0,8,7.548,517.78125,669.15625,98665.0,0009-0002-0667,1,WT
6,31762,52.0,3,4.305,496.5,706.423076923,98665.0,0004-0006-0707,1,WT
6,31779,59.0,5,4.62175,494.347457627,694.36440678,98665.0,0006-0003-0694,1,WT
6,31752,50.0,2,4.3585,497.08,710.46,98665.0,0003-0006-0710,1,WT
6,31737,57.0,1,4.47475,499.48245614,715.850877193,98665.0,0002-0006-0716,1,WT
6,31773,51.0,4,4.305,495.009803922,702.676470588,98665.0,0005-0005-0702,1,WT
6,31727,62.0,0,4.61,500.903225806,718.129032258,98665.0,0001-0006-0718,1,WT
7,31808,164.0,13,7.45275,624.762195122,577.762195122,98665.0,0014-0001-0578,1,WT
7,31794,163.0,9,8.31175,634.199386503,579.843558282,98665.0,0010-0001-0580,1,WT
7,31811,179.0,14,8.4205,619.494413408,576.365921788,98665.0,0015-0001-0576,1,WT
7,31783,62.0,6,5.91675,635.693548387,579.935483871,98665.0,0007-0001-0580,1,WT
7,31815,65.0,15,6.3075,616.776923077,565.515384615,98665.0,0016-0001-0564,1,WT
7,31800,160.0,10,7.405,633.99375,579.61875,98665.0,0011-0001-0579,1,WT
7,31786,130.0,7,6.8295,635.707692308,581.061538462,98665.0,0008-0001-0581,1,WT
7,31803,159.0,11,7.45275,634.393081761,580.959119497,98665.0,0012-0001-0581,1,WT
7,31789,147.0,8,7.2165,635.527210884,582.091836735,98665.0,0009-0001-0582,1,WT
7,31805,164.0,12,7.45275,631.969512195,580.134146341,98665.0,0013-0001-0580,1,WT
7,31823,37.0,16,4.78825,616.581081081,563.472972973,98665.0,0017-0001-0562,1,WT
8,31809,31.0,13,3.32,546.435483871,650.919354839,98665.0,0014-0002-0651,1,WT
8,31812,28.0,14,3.26775,545.178571429,651.178571429,98665.0,0015-0002-0651,1,WT
8,31816,34.0,15,3.4525,547.147058824,647.676470588,98665.0,0016-0002-0647,1,WT
8,31806,28.0,12,3.05275,549.178571429,653.5,98665.0,0013-0002-0653,1,WT
9,31788,29.0,7,3.99275,340.155172414,766.775862069,98665.0,0008-0003-0767,1,WT
9,31791,62.0,8,5.4045,338.838709677,774.209677419,98665.0,0009-0003-0774,1,WT
10,31813,43.0,14,3.9005,392.38372093,713.38372093,98665.0,0015-0003-0713,1,WT
10,31818,49.0,15,4.12175,392.540816327,707.642857143,98665.0,0016-0004-0707,1,WT
11,31814,50.0,14,5.231,581.64,733.4,98665.0,0015-0004-0734,1,WT
11,31819,25.0,15,4.2855,583.34,727.58,98665.0,0016-0005-0727,1,WT
12,31824,81.0,17,7.27625,417.660493827,809.574074074,98665.0,0018-0001-0810,1,WT
12,31825,25.0,18,4.2335,414.62,806.14,98665.0,0019-0001-0806,1,WT
13,31826,25.0,19,3.05275,454.7,713.06,98665.0,0020-0001-0713,1,WT
13,31829,33.0,21,3.6505,454.409090909,706.742424242,98665.0,0022-0002-0706,1,WT
13,31831,25.0,22,2.927,455.58,701.94,98665.0,0023-0001-0702,1,WT
14,31842,28.0,25,3.177,368.285714286,723.0,98665.0,0026-0003-0723,1,WT
14,31827,25.0,19,2.927,358.9,722.46,98665.0,0020-0002-0722,1,WT
14,31830,29.0,21,3.30275,363.948275862,723.086206897,98665.0,0022-0003-0723,1,WT
14,31847,39.0,26,4.04425,370.525641026,722.961538462,98665.0,0027-0004-0723,1,WT
14,31833,35.0,22,3.5155,362.957142857,724.7,98665.0,0023-0003-0724,1,WT
14,31836,28.0,23,3.177,363.714285714,727.0,98665.0,0024-0002-0727,1,WT
14,31839,25.0,24,2.927,364.1,725.54,98665.0,0025-0003-0725,1,WT
15,31840,33.0,25,3.5155,482.227272727,706.924242424,98665.0,0026-0001-0706,1,WT
15,31828,26.0,21,2.927,487.5,697.0,98665.0,0022-0001-0697,1,WT
15,31845,29.0,26,3.30275,485.810344828,706.051724138,98665.0,0027-0002-0706,1,WT
15,31832,25.0,22,2.927,488.58,708.94,98665.0,0023-0002-0709,1,WT
15,31835,32.0,23,3.80375,494.625,706.375,98665.0,0024-0001-0706,1,WT
15,31851,38.0,27,3.7655,484.131578947,706.631578947,98665.0,0028-0003-0706,1,WT
15,31838,31.0,24,3.5155,481.951612903,711.112903226,98665.0,0025-0002-0711,1,WT
16,31798,26.0,9,3.07,451.307692308,704.269230769,98665.0,0010-0005-0704,1,WT
16,31802,26.0,10,3.4005,447.269230769,706.307692308,98665.0,0011-0003-0705,1,WT
17,31872,30.0,31,3.30275,352.133333333,710.866666667,98665.0,0032-0004-0711,1,WT
17,31841,27.0,25,3.177,359.018518519,710.611111111,98665.0,0026-0002-0711,1,WT
17,31907,32.0,38,3.4525,369.03125,708.84375,98665.0,0039-0005-0709,1,WT
17,31877,32.0,32,3.4525,346.15625,719.03125,98665.0,0033-0003-0719,1,WT
17,31846,30.0,26,3.30275,357.3,714.166666667,98665.0,0027-0003-0714,1,WT
17,31911,31.0,39,3.404,369.306451613,708.596774194,98665.0,0040-0004-0709,1,WT
17,31882,29.0,33,3.30275,356.155172414,717.775862069,98665.0,0034-0004-0718,1,WT
17,31852,29.0,27,3.30275,356.25862069,715.25862069,98665.0,0028-0004-0715,1,WT
17,31916,30.0,40,3.30275,375.133333333,706.133333333,98665.0,0041-0003-0706,1,WT
17,31857,25.0,28,2.927,358.54,712.1,98665.0,0029-0004-0712,1,WT
17,31921,33.0,41,3.404,379.742424242,704.075757576,98665.0,0042-0002-0704,1,WT
17,31892,32.0,35,3.4525,359.96875,715.84375,98665.0,0036-0006-0716,1,WT
17,31862,28.0,29,3.177,352.0,712.285714286,98665.0,0030-0004-0712,1,WT
17,31927,35.0,42,3.6505,383.157142857,704.128571429,98665.0,0043-0003-0704,1,WT
17,31866,26.0,30,2.927,359.0,712.5,98665.0,0031-0003-0712,1,WT
17,31898,30.0,36,3.30275,365.133333333,714.866666667,98665.0,0037-0004-0715,1,WT
17,31902,30.0,37,3.30275,367.866666667,710.866666667,98665.0,0038-0004-0711,1,WT
18,31873,304.0,31,10.45325,389.052631579,722.753289474,98665.0,0032-0005-0723,1,WT
18,31905,269.0,38,9.46175,401.626394052,707.644981413,98665.0,0039-0003-0708,1,WT
18,31843,290.0,25,10.006,379.213793103,736.462068966,98665.0,0026-0004-0736,1,WT
18,31876,307.0,32,10.40975,392.43485342,717.741042345,98665.0,0033-0002-0718,1,WT
18,31909,223.0,39,8.88425,404.643497758,706.19955157,98665.0,0040-0002-0707,1,WT
18,31848,302.0,26,10.02375,379.32781457,736.182119205,98665.0,0027-0005-0736,1,WT
18,31881,314.0,33,10.40825,393.936305732,716.582802548,98665.0,0034-0003-0716,1,WT
18,31915,94.0,40,6.775,407.404255319,703.617021277,98665.0,0041-0002-0704,1,WT
18,31853,318.0,27,10.7715,380.496855346,736.050314465,98665.0,0028-0005-0736,1,WT
18,31886,389.0,34,12.82625,391.641388175,714.751928021,98665.0,0035-0003-0714,1,WT
18,31858,324.0,28,10.94125,382.617283951,730.947530864,98665.0,0029-0005-0731,1,WT
18,31891,383.0,35,11.80075,393.983028721,711.560052219,98665.0,0036-0005-0711,1,WT
18,31863,303.0,29,10.13525,382.575907591,727.592409241,98665.0,0030-0005-0727,1,WT
18,31897,378.0,36,11.90675,396.687830688,712.851851852,98665.0,0037-0003-0713,1,WT
18,31867,303.0,30,10.0475,383.084158416,724.45709571,98665.0,0031-0004-0724,1,WT
18,31901,342.0,37,10.90025,399.716374269,710.134502924,98665.0,0038-0003-0711,1,WT
19,31844,31.0,26,4.926,556.370967742,643.209677419,98665.0,0027-0001-0642,1,WT
19,31860,62.0,29,5.7415,554.032258065,641.290322581,98665.0,0030-0002-0640,1,WT
19,31849,114.0,27,7.05125,553.868421053,643.307017544,98665.0,0028-0001-0643,1,WT
19,31865,41.0,30,4.70275,554.207317073,640.329268293,98665.0,0031-0002-0640,1,WT
19,31870,57.0,31,5.7705,552.973684211,641.692982456,98665.0,0032-0002-0641,1,WT
19,31855,57.0,28,5.3055,553.622807018,641.464912281,98665.0,0029-0002-0641,1,WT
20,31856,62.0,28,6.074,485.677419355,696.919354839,98665.0,0029-0003-0695,1,WT
20,31861,43.0,29,4.11,491.453488372,692.453488372,98665.0,0030-0003-0692,1,WT
20,31850,44.0,27,3.9005,490.909090909,694.5,98665.0,0028-0002-0694,1,WT
21,31874,53.0,31,4.59775,368.066037736,731.386792453,98665.0,0032-0006-0731,1,WT
21,31878,63.0,32,4.8285,371.166666667,725.388888889,98665.0,0033-0004-0725,1,WT
21,31883,68.0,33,5.0865,373.470588235,722.382352941,98665.0,0034-0005-0722,1,WT
21,31868,33.0,30,3.541,364.46969697,731.106060606,98665.0,0031-0005-0731,1,WT
22,31875,37.0,32,3.7655,546.364864865,672.202702703,98665.0,0033-0001-0672,1,WT
22,31880,36.0,33,3.62125,550.472222222,679.222222222,98665.0,0034-0002-0679,1,WT
22,31871,34.0,31,3.4525,552.647058824,678.823529412,98665.0,0032-0003-0679,1,WT
23,31888,39.0,35,3.9005,626.525641026,594.346153846,98665.0,0036-0002-0594,1,WT
23,31908,39.0,39,3.8585,605.807692308,598.884615385,98665.0,0040-0001-0599,1,WT
23,31895,28.0,36,3.177,619.0,593.285714286,98665.0,0037-0001-0593,1,WT
23,31899,28.0,37,3.30275,622.928571429,599.464285714,98665.0,0038-0001-0599,1,WT
23,31884,29.0,34,3.32,629.74137931,594.568965517,98665.0,0035-0001-0594,1,WT
23,31903,28.0,38,3.30275,616.892857143,598.678571429,98665.0,0039-0001-0599,1,WT
24,31904,45.0,38,5.316,552.5,641.588888889,98665.0,0039-0002-0641,1,WT
24,31889,27.0,35,4.0655,553.166666667,640.5,98665.0,0036-0003-0640,1,WT
24,31896,62.0,36,6.8985,552.64516129,641.774193548,98665.0,0037-0002-0641,1,WT
24,31900,52.0,37,5.38125,552.923076923,641.596153846,98665.0,0038-0002-0641,1,WT
25,31776,42.0,4,5.35925,499.261904762,821.666666667,98665.0,0005-0008-0820,1,WT
25,31746,51.0,1,4.8505,500.441176471,830.911764706,98665.0,0002-0015-0830,1,WT
25,31782,35.0,5,4.1925,494.071428571,816.642857143,98665.0,0006-0006-0817,1,WT
25,31768,46.0,3,4.82275,497.108695652,825.804347826,98665.0,0004-0012-0826,1,WT
25,31756,78.0,2,6.9695,501.141025641,828.897435897,98665.0,0003-0010-0828,1,WT
26,31763,92.0,3,8.2525,609.72826087,729.119565217,98665.0,0004-0007-0727,1,WT
26,31753,26.0,2,4.12375,614.153846154,730.0,98665.0,0003-0007-0729,1,WT
26,31738,69.0,1,6.007,619.963768116,733.644927536,98665.0,0002-0007-0733,1,WT
27,31755,29.0,2,3.98825,491.25862069,823.224137931,98665.0,0003-0009-0823,1,WT
27,31743,40.0,1,4.4425,489.425,826.1,98665.0,0002-0012-0826,1,WT
28,31890,40.0,35,3.7655,539.3,656.425,98665.0,0036-0004-0656,1,WT
28,31885,35.0,34,3.80125,536.3,654.385714286,98665.0,0035-0002-0654,1,WT
29,31968,37.0,51,4.41225,469.418918919,697.851351351,98665.0,0052-0003-0697,1,WT
29,31906,38.0,38,4.633,466.157894737,707.210526316,98665.0,0039-0004-0708,1,WT
29,31938,165.0,45,7.53125,472.790909091,703.312121212,98665.0,0046-0001-0703,1,WT
29,31941,161.0,46,7.53125,472.636645963,702.301242236,98665.0,0047-0001-0702,1,WT
29,31910,108.0,39,6.482,468.638888889,708.675925926,98665.0,0040-0003-0708,1,WT
29,31945,95.0,47,6.3095,472.952631579,699.015789474,98665.0,0048-0001-0699,1,WT
29,31914,136.0,40,6.9665,467.816176471,706.566176471,98665.0,0041-0001-0706,1,WT
29,31950,104.0,48,6.435,470.192307692,699.884615385,98665.0,0049-0002-0700,1,WT
29,31920,159.0,41,7.96375,467.418238994,704.405660377,98665.0,0042-0001-0704,1,WT
29,31955,73.0,49,5.631,471.732876712,698.45890411,98665.0,0050-0002-0698,1,WT
29,31926,179.0,42,8.2525,470.298882682,705.053072626,98665.0,0043-0002-0704,1,WT
29,31930,160.0,43,7.45275,471.7375,702.8125,98665.0,0044-0001-0703,1,WT
29,31962,37.0,50,4.5855,470.797297297,697.527027027,98665.0,0051-0004-0697,1,WT
29,31934,158.0,44,7.45275,472.240506329,702.594936709,98665.0,0045-0001-0702,1,WT
30,31936,64.0,44,4.824,408.640625,723.359375,98665.0,0045-0003-0723,1,WT
30,31969,39.0,51,3.86,417.576923077,703.141025641,98665.0,0052-0004-0703,1,WT
30,31939,72.0,45,4.95425,410.125,725.347222222,98665.0,0046-0002-0725,1,WT
30,31942,74.0,46,4.95425,415.405405405,717.797297297,98665.0,0047-0002-0718,1,WT
30,31974,50.0,52,4.11,419.88,703.64,98665.0,0053-0003-0704,1,WT
30,31912,26.0,39,3.32,403.0,729.384615385,98665.0,0040-0005-0729,1,WT
30,31946,76.0,47,5.179,414.013157895,714.065789474,98665.0,0048-0002-0714,1,WT
30,31917,39.0,40,3.7655,400.858974359,726.551282051,98665.0,0041-0004-0726,1,WT
30,31951,81.0,48,5.4155,415.734567901,709.956790123,98665.0,0049-0003-0710,1,WT
30,31922,53.0,41,4.3585,400.141509434,725.047169811,98665.0,0042-0003-0725,1,WT
30,31956,58.0,49,4.36,417.155172414,704.24137931,98665.0,0050-0003-0704,1,WT
30,31928,43.0,42,4.0805,405.127906977,724.197674419,98665.0,0043-0004-0724,1,WT
30,31963,57.0,50,5.56975,415.99122807,703.412280702,98665.0,0051-0005-0704,1,WT
30,31932,48.0,43,4.3585,407.9375,723.354166667,98665.0,0044-0003-0723,1,WT
31,31923,42.0,41,4.29525,434.071428571,729.833333333,98665.0,0042-0004-0729,1,WT
31,31913,27.0,39,3.895,432.981481481,741.462962963,98665.0,0040-0006-0741,1,WT
31,31918,34.0,40,4.4425,435.264705882,736.735294118,98665.0,0041-0005-0736,1,WT
32,31766,80.0,3,7.43825,553.625,776.1125,98665.0,0004-0010-0774,1,WT
32,31775,35.0,4,4.81025,550.642857143,773.471428571,98665.0,0005-0007-0773,1,WT
33,31937,143.0,44,6.9665,390.688811189,735.458041958,98665.0,0045-0004-0735,1,WT
33,31924,122.0,41,6.58225,387.270491803,736.704918033,98665.0,0042-0005-0736,1,WT
33,31940,145.0,45,7.1825,390.05862069,737.196551724,98665.0,0046-0003-0737,1,WT
33,31944,146.0,46,6.9665,393.308219178,734.397260274,98665.0,0047-0004-0734,1,WT
33,31929,136.0,42,7.066,386.889705882,738.242647059,98665.0,0043-0005-0738,1,WT
33,31948,153.0,47,7.316,383.310457516,739.911764706,98665.0,0048-0004-0740,1,WT
33,31933,134.0,43,6.89,386.932835821,736.97761194,98665.0,0044-0004-0737,1,WT
33,31919,112.0,40,6.2855,385.544642857,740.633928571,98665.0,0041-0006-0740,1,WT
34,31925,27.0,42,3.26775,550.166666667,698.277777778,98665.0,0043-0001-0698,1,WT
34,31931,29.0,43,3.30275,555.913793103,712.051724138,98665.0,0044-0002-0712,1,WT
34,31935,25.0,44,2.927,554.9,716.46,98665.0,0045-0002-0716,1,WT
35,31859,25.0,29,2.927,622.58,580.06,98665.0,0030-0001-0580,1,WT
35,31854,39.0,28,4.41325,628.448717949,587.961538462,98665.0,0029-0001-0588,1,WT
36,31952,160.0,48,7.45275,396.64375,722.90625,98665.0,0049-0004-0723,1,WT
36,31970,159.0,51,7.45275,402.405660377,716.889937107,98665.0,0052-0005-0717,1,WT
36,31986,153.0,54,7.316,404.120915033,711.251633987,98665.0,0055-0005-0711,1,WT
36,31957,159.0,49,7.917,402.757861635,720.525157233,98665.0,0050-0004-0720,1,WT
36,31976,151.0,52,7.25,405.811258278,716.539735099,98665.0,0053-0005-0717,1,WT
36,31965,151.0,50,7.308,399.182119205,722.314569536,98665.0,0051-0007-0722,1,WT
36,31981,161.0,53,7.405,398.736024845,718.816770186,98665.0,0054-0005-0719,1,WT
37,31984,46.0,54,4.1085,451.717391304,702.347826087,98665.0,0055-0003-0702,1,WT
37,31953,42.0,48,3.97525,438.714285714,721.595238095,98665.0,0049-0005-0722,1,WT
37,31971,44.0,51,3.9005,440.590909091,714.136363636,98665.0,0052-0006-0714,1,WT
37,31958,42.0,49,3.736,442.904761905,720.857142857,98665.0,0050-0005-0721,1,WT
37,31943,47.0,46,4.11,443.585106383,727.159574468,98665.0,0047-0003-0727,1,WT
37,31975,49.0,52,4.1085,443.173469388,710.459183673,98665.0,0053-0004-0710,1,WT
37,31947,48.0,47,4.43775,438.166666667,723.854166667,98665.0,0048-0003-0724,1,WT
37,31964,45.0,50,4.13925,443.655555556,713.855555556,98665.0,0051-0006-0713,1,WT
37,31980,49.0,53,4.5,445.785714286,705.010204082,98665.0,0054-0004-0705,1,WT
38,31954,85.0,49,5.732,567.041176471,652.229411765,98665.0,0050-0001-0651,1,WT
38,31973,26.0,52,3.1305,574.961538462,653.307692308,98665.0,0053-0002-0653,1,WT
38,31960,30.0,50,3.5155,568.8,657.066666667,98665.0,0051-0002-0657,1,WT
38,31967,32.0,51,3.4525,576.6875,660.96875,98665.0,0052-0002-0661,1,WT
39,31977,33.0,53,3.5155,623.196969697,550.681818182,98665.0,0054-0001-0550,1,WT
39,31982,29.0,54,3.32,624.017241379,552.396551724,98665.0,0055-0001-0552,1,WT
40,31972,58.0,52,4.5835,554.051724138,642.655172414,98665.0,0053-0001-0642,1,WT
40,31991,35.0,56,3.88525,554.842857143,640.3,98665.0,0057-0002-0640,1,WT
40,31959,59.0,50,4.713,561.584745763,639.296610169,98665.0,0051-0001-0639,1,WT
40,31979,31.0,53,3.9495,554.435483871,640.629032258,98665.0,0054-0003-0640,1,WT
40,31996,25.0,57,3.23425,554.62,640.74,98665.0,0058-0003-0641,1,WT
40,31966,61.0,51,4.75,557.795081967,641.696721311,98665.0,0052-0001-0641,1,WT
40,31983,54.0,54,4.46225,554.277777778,642.12962963,98665.0,0055-0002-0642,1,WT
41,32016,36.0,60,3.7655,318.777777778,691.388888889,98665.0,0061-0001-0691,1,WT
41,31985,26.0,54,2.927,304.5,703.0,98665.0,0055-0004-0703,1,WT
41,32033,39.0,64,3.87125,331.243589744,681.243589744,98665.0,0065-0002-0681,1,WT
41,31987,29.0,55,3.30275,311.224137931,696.086206897,98665.0,0056-0001-0696,1,WT
41,32020,34.0,61,3.4525,319.911764706,691.176470588,98665.0,0062-0001-0691,1,WT
41,32005,38.0,58,3.5155,317.0,692.5,98665.0,0059-0004-0692,1,WT
41,32024,38.0,62,3.9005,319.236842105,690.815789474,98665.0,0063-0002-0690,1,WT
41,32040,31.0,65,3.32,335.338709677,680.080645161,98665.0,0066-0002-0680,1,WT
41,31993,36.0,56,3.5155,314.888888889,691.361111111,98665.0,0057-0004-0691,1,WT
41,32012,36.0,59,3.5155,317.027777778,692.472222222,98665.0,0060-0003-0692,1,WT
41,31997,32.0,57,3.4525,316.84375,691.03125,98665.0,0058-0004-0691,1,WT
41,32029,31.0,63,3.4525,322.790322581,688.951612903,98665.0,0064-0002-0689,1,WT
42,32064,174.0,71,7.53125,412.833333333,716.971264368,98665.0,0072-0003-0717,1,WT
42,32068,182.0,72,7.873,416.274725275,709.60989011,98665.0,0073-0004-0709,1,WT
42,32037,189.0,64,8.05125,409.494708995,740.605820106,98665.0,0065-0006-0741,1,WT
42,32007,133.0,58,6.8295,395.372180451,749.176691729,98665.0,0059-0006-0749,1,WT
42,32043,181.0,65,7.91075,409.306629834,733.350828729,98665.0,0066-0005-0733,1,WT
42,32014,198.0,59,9.97075,391.308080808,751.196969697,98665.0,0060-0005-0751,1,WT
42,32048,171.0,66,7.751,409.5,728.593567251,98665.0,0067-0004-0728,1,WT
42,32018,193.0,60,9.08625,393.831606218,749.038860104,98665.0,0061-0003-0748,1,WT
42,32051,160.0,67,7.413,410.175,723.66875,98665.0,0068-0002-0723,1,WT
42,32021,173.0,61,8.1365,402.904624277,742.158959538,98665.0,0062-0002-0742,1,WT
42,32054,170.0,68,7.751,411.788235294,724.494117647,98665.0,0069-0002-0724,1,WT
42,32026,156.0,62,7.45275,405.852564103,742.019230769,98665.0,0063-0004-0742,1,WT
42,32058,169.0,69,7.45275,411.440828402,721.144970414,98665.0,0070-0003-0721,1,WT
42,32061,169.0,70,7.45275,413.949704142,717.689349112,98665.0,0071-0003-0717,1,WT
42,32030,179.0,63,8.32825,407.874301676,741.511173184,98665.0,0064-0003-0742,1,WT
42,31999,117.0,57,6.473,396.004273504,749.525641026,98665.0,0058-0006-0750,1,WT
43,32017,45.0,60,3.986,484.788888889,715.411111111,98665.0,0061-0002-0715,1,WT
43,32006,57.0,58,4.5,476.570175439,711.219298246,98665.0,0059-0005-0711,1,WT
43,32013,54.0,59,4.3585,476.611111111,713.074074074,98665.0,0060-0004-0713,1,WT
43,31998,57.0,57,4.37175,477.324561404,713.061403509,98665.0,0058-0005-0713,1,WT
44,32001,34.0,57,3.92375,439.176470588,759.941176471,98665.0,0058-0008-0759,1,WT
44,32019,25.0,60,3.09125,437.06,760.1,98665.0,0061-0004-0760,1,WT
44,32009,29.0,58,3.30275,440.775862069,760.844827586,98665.0,0059-0008-0761,1,WT
44,32015,32.0,59,3.404,435.78125,759.5,98665.0,0060-0006-0759,1,WT
45,32034,37.0,64,3.96225,300.797297297,683.175675676,98665.0,0065-0003-0683,1,WT
45,32023,29.0,62,3.30275,301.844827586,686.224137931,98665.0,0063-0001-0686,1,WT
45,32041,29.0,65,3.4525,291.25862069,687.913793103,98665.0,0066-0003-0688,1,WT
45,32028,34.0,63,3.87175,299.823529412,687.088235294,98665.0,0064-0001-0687,1,WT
46,32049,34.0,66,3.636,382.794117647,768.088235294,98665.0,0067-0005-0768,1,WT
46,32052,34.0,67,3.6505,390.529411765,758.264705882,98665.0,0068-0003-0758,1,WT
46,32022,25.0,61,3.05275,384.54,767.26,98665.0,0062-0003-0767,1,WT
46,32038,38.0,64,3.9,386.184210526,761.947368421,98665.0,0065-0007-0762,1,WT
46,32055,26.0,68,2.927,395.0,753.5,98665.0,0069-0003-0753,1,WT
46,32027,29.0,62,3.30275,388.775862069,762.913793103,98665.0,0063-0005-0763,1,WT
46,32044,38.0,65,3.812,385.789473684,767.342105263,98665.0,0066-0006-0767,1,WT
46,32031,34.0,63,3.6505,385.588235294,764.147058824,98665.0,0064-0004-0764,1,WT
47,32000,28.0,57,3.68575,380.357142857,755.642857143,98665.0,0058-0007-0756,1,WT
47,32008,52.0,58,4.602,381.634615385,754.615384615,98665.0,0059-0007-0754,1,WT
48,32002,39.0,58,3.736,630.628205128,561.807692308,98665.0,0059-0001-0562,1,WT
48,32010,39.0,59,4.4425,635.756410256,574.166666667,98665.0,0060-0001-0575,1,WT
48,31995,36.0,57,3.6505,630.666666667,563.972222222,98665.0,0058-0002-0564,1,WT
49,32066,264.0,72,9.45025,349.446969697,702.640151515,98665.0,0073-0002-0702,1,WT
49,32098,164.0,80,7.867,351.615853659,691.493902439,98665.0,0081-0002-0690,1,WT
49,32035,178.0,64,7.94075,352.865168539,702.325842697,98665.0,0065-0004-0702,1,WT
49,32070,260.0,73,9.354,349.315384615,702.269230769,98665.0,0074-0002-0702,1,WT
49,32103,154.0,81,7.889,351.409090909,690.902597403,98665.0,0082-0002-0689,1,WT
49,32042,196.0,65,8.05125,351.571428571,701.862244898,98665.0,0066-0004-0702,1,WT
49,32074,271.0,74,10.331,350.70295203,698.968634686,98665.0,0075-0002-0699,1,WT
49,32077,275.0,75,10.01075,351.307272727,696.878181818,98665.0,0076-0002-0696,1,WT
49,32109,28.0,82,4.5505,355.214285714,689.607142857,98665.0,0083-0002-0688,1,WT
49,32047,220.0,66,8.59625,353.131818182,702.572727273,98665.0,0067-0003-0702,1,WT
49,32081,267.0,76,9.5,352.387640449,696.383895131,98665.0,0077-0003-0696,1,WT
49,32050,225.0,67,8.8395,352.846666667,701.442222222,98665.0,0068-0001-0701,1,WT
49,32084,267.0,77,9.673,350.372659176,694.998127341,98665.0,0078-0002-0694,1,WT
49,32053,219.0,68,8.7235,353.819634703,700.550228311,98665.0,0069-0001-0700,1,WT
49,32088,216.0,78,8.63525,350.189814815,692.671296296,98665.0,0079-0002-0692,1,WT
49,32057,228.0,69,8.85975,351.675438596,700.921052632,98665.0,0070-0002-0701,1,WT
49,32060,251.0,70,9.32825,352.870517928,699.902390438,98665.0,0071-0002-0700,1,WT
49,32092,245.0,79,9.098,347.859183673,692.03877551,98665.0,0080-0002-0691,1,WT
49,32063,255.0,71,9.354,351.060784314,702.652941176,98665.0,0072-0002-0703,1,WT
50,32004,30.0,58,3.30275,297.866666667,683.866666667,98665.0,0059-0003-0684,1,WT
50,32011,28.0,59,3.30275,302.107142857,679.321428571,98665.0,0060-0002-0679,1,WT
51,32056,35.0,69,3.5155,586.928571429,684.442857143,98665.0,0070-0001-0684,1,WT
51,32059,32.0,70,3.4525,584.65625,690.09375,98665.0,0071-0001-0690,1,WT
51,32062,26.0,71,3.154,581.730769231,694.346153846,98665.0,0072-0001-0694,1,WT
52,32065,78.0,72,5.26325,490.217948718,694.371794872,98665.0,0073-0001-0694,1,WT
52,32069,60.0,73,4.81625,488.416666667,694.05,98665.0,0074-0001-0693,1,WT
53,32129,47.0,85,4.25925,290.670212766,689.989361702,98665.0,0086-0003-0690,1,WT
53,32067,28.0,72,3.177,270.714285714,702.0,98665.0,0073-0003-0702,1,WT
53,32099,46.0,80,4.055,282.065217391,694.260869565,98665.0,0081-0003-0694,1,WT
53,32071,40.0,73,3.7655,265.325,702.45,98665.0,0074-0003-0702,1,WT
53,32135,48.0,86,4.303,292.770833333,684.75,98665.0,0087-0003-0685,1,WT
53,32104,43.0,81,3.986,290.430232558,690.430232558,98665.0,0082-0003-0691,1,WT
53,32075,40.0,74,3.7655,268.475,698.825,98665.0,0075-0003-0698,1,WT
53,32140,53.0,87,4.3585,296.91509434,681.179245283,98665.0,0088-0003-0681,1,WT
53,32078,44.0,75,3.9005,269.704545455,695.613636364,98665.0,0076-0003-0695,1,WT
53,32110,50.0,82,4.3585,289.9,690.98,98665.0,0083-0003-0691,1,WT
53,32082,41.0,76,4.055,257.085365854,698.524390244,98665.0,0077-0004-0698,1,WT
53,32116,51.0,83,4.1085,289.81372549,690.343137255,98665.0,0084-0003-0690,1,WT
53,32085,46.0,77,4.13675,259.826086957,695.782608696,98665.0,0078-0003-0696,1,WT
53,32089,44.0,78,3.9005,266.022727273,695.545454545,98665.0,0079-0003-0695,1,WT
53,32122,31.0,84,3.4525,287.370967742,690.919354839,98665.0,0085-0003-0691,1,WT
53,32093,49.0,79,4.324,268.43877551,695.357142857,98665.0,0080-0003-0695,1,WT
54,32128,83.0,85,5.42625,291.813253012,672.668674699,98665.0,0086-0002-0673,1,WT
54,32192,57.0,95,4.8285,298.51754386,677.921052632,98665.0,0096-0002-0678,1,WT
54,32261,76.0,102,5.045,302.434210526,677.105263158,98665.0,0103-0002-0677,1,WT
54,32134,78.0,86,5.32525,290.974358974,671.179487179,98665.0,0087-0002-0671,1,WT
54,32073,37.0,74,3.87025,272.094594595,682.418918919,98665.0,0075-0001-0682,1,WT
54,32139,73.0,87,5.16725,293.102739726,669.938356164,98665.0,0088-0002-0670,1,WT
54,32203,53.0,96,4.4445,298.858490566,680.858490566,98665.0,0097-0003-0681,1,WT
54,32076,44.0,75,4.12175,273.340909091,678.886363636,98665.0,0076-0001-0679,1,WT
54,32269,82.0,103,5.5265,305.06097561,675.0,98665.0,0104-0002-0675,1,WT
54,32143,82.0,88,6.85075,296.780487805,674.585365854,98665.0,0089-0002-0673,1,WT
54,32080,46.0,76,4.474,272.108695652,679.586956522,98665.0,0077-0002-0679,1,WT
54,32083,38.0,77,4.091,274.947368421,677.210526316,98665.0,0078-0001-0677,1,WT
54,32148,96.0,89,7.41025,303.25,673.458333333,98665.0,0090-0002-0674,1,WT
54,32278,76.0,104,5.20425,310.907894737,674.657894737,98665.0,0105-0002-0675,1,WT
54,32087,32.0,78,3.5895,275.21875,674.5625,98665.0,0079-0001-0674,1,WT
54,32216,52.0,97,4.37175,299.75,676.961538462,98665.0,0098-0003-0677,1,WT
54,32153,26.0,90,3.2655,302.346153846,668.576923077,98665.0,0091-0002-0668,1,WT
54,32091,56.0,79,4.7445,276.196428571,674.392857143,98665.0,0080-0001-0674,1,WT
54,32097,91.0,80,6.07425,278.93956044,674.181318681,98665.0,0081-0001-0674,1,WT
54,32289,72.0,105,5.1005,314.416666667,675.375,98665.0,0106-0002-0675,1,WT
54,32228,58.0,98,4.69525,301.568965517,677.5,98665.0,0099-0004-0677,1,WT
54,32165,36.0,92,3.6505,298.888888889,680.833333333,98665.0,0093-0002-0681,1,WT
54,32102,80.0,81,5.34225,280.7875,673.4125,98665.0,0082-0001-0673,1,WT
54,32171,51.0,93,4.37175,299.892156863,679.421568627,98665.0,0094-0002-0679,1,WT
54,32108,83.0,82,6.14,281.897590361,674.969879518,98665.0,0083-0001-0675,1,WT
54,32300,74.0,106,5.19825,315.189189189,675.148648649,98665.0,0107-0003-0675,1,WT
54,32238,107.0,99,6.388,296.845794393,676.658878505,98665.0,0100-0002-0677,1,WT
54,32115,95.0,83,5.98175,284.531578947,674.384210526,98665.0,0084-0002-0674,1,WT
54,32181,61.0,94,4.70425,298.844262295,678.43442623,98665.0,0095-0003-0679,1,WT
54,32245,77.0,100,5.17625,300.642857143,674.201298701,98665.0,0101-0002-0674,1,WT
54,32310,29.0,107,3.72725,311.017241379,671.293103448,98665.0,0108-0002-0671,1,WT
54,32121,90.0,84,5.6325,288.466666667,674.022222222,98665.0,0085-0002-0674,1,WT
54,32254,84.0,101,5.5265,302.214285714,676.869047619,98665.0,0102-0003-0677,1,WT
55,32090,45.0,78,3.986,436.322222222,707.9,98665.0,0079-0004-0708,1,WT
55,32094,39.0,79,3.7655,433.371794872,706.628205128,98665.0,0080-0004-0706,1,WT
56,32032,38.0,64,3.7655,622.289473684,566.342105263,98665.0,0065-0001-0566,1,WT
56,32039,35.0,65,3.636,624.385714286,571.985714286,98665.0,0066-0001-0572,1,WT
56,32045,42.0,66,3.886,627.047619048,577.547619048,98665.0,0067-0001-0577,1,WT
57,32321,204.0,108,8.366,299.897058824,698.68627451,98665.0,0109-0004-0699,1,WT
57,32131,196.0,85,8.47225,268.448979592,711.821428571,98665.0,0086-0005-0712,1,WT
57,32196,216.0,95,8.697,277.5,703.115740741,98665.0,0096-0006-0703,1,WT
57,32262,265.0,102,10.33275,291.598113208,694.303773585,98665.0,0103-0003-0693,1,WT
57,32328,196.0,109,8.05125,301.198979592,695.505102041,98665.0,0110-0002-0695,1,WT
57,32137,199.0,86,8.37325,269.781407035,711.032663317,98665.0,0087-0005-0711,1,WT
57,32141,207.0,87,8.50275,271.437198068,710.108695652,98665.0,0088-0004-0710,1,WT
57,32270,279.0,103,11.275,293.181003584,693.761648746,98665.0,0104-0003-0692,1,WT
57,32335,196.0,110,8.25725,299.755102041,693.035714286,98665.0,0111-0003-0693,1,WT
57,32144,192.0,88,8.366,270.619791667,707.677083333,98665.0,0089-0003-0707,1,WT
57,32208,213.0,96,8.65025,279.481220657,703.401408451,98665.0,0097-0008-0703,1,WT
57,32149,208.0,89,8.43,271.884615385,707.956730769,98665.0,0090-0003-0708,1,WT
57,32279,278.0,104,10.6845,297.920863309,692.960431655,98665.0,0105-0003-0692,1,WT
57,32343,190.0,111,7.91075,300.5,692.184210526,98665.0,0112-0003-0692,1,WT
57,32155,225.0,90,9.0675,272.58,708.362222222,98665.0,0091-0004-0709,1,WT
57,32221,214.0,97,8.5895,283.228971963,699.990654206,98665.0,0098-0008-0700,1,WT
57,32095,109.0,79,6.30325,258.45412844,711.555045872,98665.0,0080-0005-0711,1,WT
57,32351,175.0,112,7.78875,305.374285714,692.111428571,98665.0,0113-0004-0692,1,WT
57,32162,218.0,91,8.82825,274.917431193,709.655963303,98665.0,0092-0005-0710,1,WT
57,32290,285.0,105,11.127,300.170175439,691.770175439,98665.0,0106-0003-0690,1,WT
57,32100,189.0,80,7.87325,262.367724868,712.759259259,98665.0,0081-0004-0713,1,WT
57,32230,227.0,98,9.36775,285.830396476,698.984581498,98665.0,0099-0006-0699,1,WT
57,32358,175.0,113,7.70275,304.128571429,692.294285714,98665.0,0114-0003-0692,1,WT
57,32168,208.0,92,8.56325,273.826923077,708.365384615,98665.0,0093-0005-0708,1,WT
57,32105,197.0,81,8.48525,263.398477157,712.555837563,98665.0,0082-0004-0713,1,WT
57,32301,279.0,106,10.67075,302.02688172,691.704301075,98665.0,0107-0004-0690,1,WT
57,32365,167.0,114,7.62525,307.775449102,691.619760479,98665.0,0115-0003-0691,1,WT
57,32111,190.0,82,8.18,264.278947368,713.410526316,98665.0,0083-0004-0713,1,WT
57,32175,194.0,93,8.12325,275.530927835,706.355670103,98665.0,0094-0006-0706,1,WT
57,32239,268.0,99,11.38375,285.014925373,695.268656716,98665.0,0100-0003-0693,1,WT
57,32369,163.0,115,7.405,305.77607362,691.886503067,98665.0,0116-0002-0692,1,WT
57,32117,196.0,83,8.3145,265.923469388,713.112244898,98665.0,0084-0004-0713,1,WT
57,32247,258.0,100,10.85025,289.926356589,697.701550388,98665.0,0101-0004-0699,1,WT
57,32375,162.0,116,7.405,308.209876543,690.117283951,98665.0,0117-0002-0690,1,WT
57,32312,204.0,107,8.37325,301.166666667,696.112745098,98665.0,0108-0004-0696,1,WT
57,32186,199.0,94,8.30125,276.012562814,704.489949749,98665.0,0095-0008-0704,1,WT
57,32124,196.0,84,8.18,265.836734694,713.474489796,98665.0,0085-0005-0713,1,WT
57,32255,310.0,101,12.73175,291.158064516,696.012903226,98665.0,0102-0004-0695,1,WT
58,32112,34.0,82,3.895,550.5,710.0,98665.0,0083-0005-0710,1,WT
58,32106,27.0,81,3.05275,553.574074074,712.907407407,98665.0,0082-0005-0713,1,WT
59,32096,27.0,79,3.30275,511.314814815,745.277777778,98665.0,0080-0006-0745,1,WT
59,32113,61.0,82,4.5,503.450819672,729.057377049,98665.0,0083-0006-0729,1,WT
59,32132,66.0,85,4.9075,489.439393939,717.757575758,98665.0,0086-0006-0717,1,WT
59,32101,43.0,80,3.9005,507.709302326,740.755813953,98665.0,0081-0005-0740,1,WT
59,32118,66.0,83,4.824,500.303030303,722.242424242,98665.0,0084-0005-0722,1,WT
59,32107,51.0,81,4.3585,505.990196078,734.264705882,98665.0,0082-0006-0734,1,WT
59,32126,68.0,84,5.00225,494.735294118,722.117647059,98665.0,0085-0007-0722,1,WT
60,32130,55.0,85,4.574,257.609090909,694.663636364,98665.0,0086-0004-0694,1,WT
60,32123,64.0,84,4.91625,258.6875,697.671875,98665.0,0085-0004-0697,1,WT
61,32225,155.0,98,7.381,614.016129032,611.106451613,98665.0,0099-0001-0611,1,WT
61,32164,190.0,92,9.74225,622.442105263,629.352631579,98665.0,0093-0001-0629,1,WT
61,32133,99.0,86,6.0,642.257575758,629.924242424,98665.0,0087-0001-0630,1,WT
61,32201,156.0,96,7.316,617.91025641,616.91025641,98665.0,0097-0001-0617,1,WT
61,32138,102.0,87,6.03825,639.676470588,631.450980392,98665.0,0088-0001-0631,1,WT
61,32170,214.0,93,9.413,622.308411215,625.686915888,98665.0,0094-0001-0625,1,WT
61,32142,114.0,88,6.473,637.078947368,632.675438596,98665.0,0089-0001-0633,1,WT
61,32147,125.0,89,6.58225,635.484,632.556,98665.0,0090-0001-0632,1,WT
61,32180,227.0,94,10.20875,622.473568282,623.310572687,98665.0,0095-0002-0623,1,WT
61,32214,162.0,97,7.56975,616.024691358,612.413580247,98665.0,0098-0001-0613,1,WT
61,32152,119.0,90,6.58225,632.105042017,630.634453782,98665.0,0091-0001-0630,1,WT
61,32127,28.0,85,3.92475,641.892857143,631.428571429,98665.0,0086-0001-0632,1,WT
61,32159,159.0,91,8.565,627.84591195,629.625786164,98665.0,0092-0002-0630,1,WT
61,32191,240.0,95,10.196,618.070833333,620.758333333,98665.0,0096-0001-0622,1,WT
62,32256,225.0,101,8.717,380.042222222,709.175555556,98665.0,0102-0005-0709,1,WT
62,32163,229.0,91,8.95975,373.61790393,736.757641921,98665.0,0092-0006-0737,1,WT
62,32292,141.0,105,7.16175,396.216312057,705.20212766,98665.0,0106-0005-0705,1,WT
62,32198,227.0,95,9.966,380.169603524,717.962555066,98665.0,0096-0008-0718,1,WT
62,32263,242.0,102,9.4025,384.376033058,707.987603306,98665.0,0103-0004-0709,1,WT
62,32169,210.0,92,8.65025,375.80952381,731.852380952,98665.0,0093-0006-0732,1,WT
62,32234,214.0,98,8.507,378.96728972,712.275700935,98665.0,0099-0010-0712,1,WT
62,32240,302.0,99,11.51,376.089403974,708.774834437,98665.0,0100-0004-0708,1,WT
62,32304,35.0,106,4.2595,401.385714286,702.528571429,98665.0,0107-0007-0703,1,WT
62,32177,190.0,93,8.05125,380.042105263,727.247368421,98665.0,0094-0008-0727,1,WT
62,32273,209.0,103,8.80225,385.968899522,706.433014354,98665.0,0104-0006-0706,1,WT
62,32146,103.0,88,7.16175,370.509708738,752.150485437,98665.0,0089-0005-0750,1,WT
62,32210,209.0,96,8.507,380.246411483,714.940191388,98665.0,0097-0010-0715,1,WT
62,32151,226.0,89,9.4295,370.765486726,744.721238938,98665.0,0090-0005-0745,1,WT
62,32249,226.0,100,8.893,380.663716814,709.438053097,98665.0,0101-0006-0709,1,WT
62,32282,179.0,104,7.8465,387.594972067,705.662011173,98665.0,0105-0006-0705,1,WT
62,32157,231.0,90,9.488,370.777056277,741.573593074,98665.0,0091-0006-0741,1,WT
62,32189,186.0,94,8.05125,380.612903226,723.424731183,98665.0,0095-0011-0723,1,WT
62,32222,209.0,97,8.366,380.093301435,713.433014354,98665.0,0098-0009-0713,1,WT
63,32161,40.0,91,3.805,256.85,695.0,98665.0,0092-0004-0695,1,WT
63,32194,47.0,95,3.986,260.436170213,690.20212766,98665.0,0096-0004-0690,1,WT
63,32229,54.0,98,4.37175,276.148148148,686.611111111,98665.0,0099-0005-0687,1,WT
63,32166,42.0,92,3.886,258.380952381,695.30952381,98665.0,0093-0003-0695,1,WT
63,32185,47.0,94,4.1085,259.521276596,693.074468085,98665.0,0095-0007-0693,1,WT
63,32219,53.0,97,4.5,277.91509434,686.273584906,98665.0,0098-0006-0686,1,WT
63,32173,51.0,93,4.3585,260.950980392,694.284313725,98665.0,0094-0004-0694,1,WT
63,32206,57.0,96,4.5,269.254385965,689.99122807,98665.0,0097-0006-0690,1,WT
64,32195,61.0,95,4.73425,353.81147541,691.762295082,98665.0,0096-0005-0691,1,WT
64,32150,30.0,89,3.4525,354.033333333,704.533333333,98665.0,0090-0004-0704,1,WT
64,32167,42.0,92,3.986,355.476190476,699.119047619,98665.0,0093-0004-0699,1,WT
64,32184,40.0,94,4.08625,353.35,690.45,98665.0,0095-0006-0690,1,WT
64,32232,81.0,98,5.52075,368.462962963,700.018518519,98665.0,0099-0008-0700,1,WT
64,32156,33.0,90,3.5155,357.833333333,702.742424242,98665.0,0091-0005-0703,1,WT
64,32220,85.0,97,5.52075,362.664705882,696.158823529,98665.0,0098-0007-0696,1,WT
64,32174,48.0,93,4.1805,356.875,695.770833333,98665.0,0094-0005-0696,1,WT
64,32207,60.0,96,4.73025,360.25,693.683333333,98665.0,0097-0007-0694,1,WT
65,32193,32.0,95,3.404,280.875,683.65625,98665.0,0096-0003-0683,1,WT
65,32227,46.0,98,4.055,290.608695652,677.152173913,98665.0,0099-0003-0677,1,WT
65,32182,36.0,94,3.7655,285.888888889,682.361111111,98665.0,0095-0004-0682,1,WT
65,32217,47.0,97,4.055,288.776595745,678.64893617,98665.0,0098-0004-0678,1,WT
65,32204,38.0,96,3.7655,284.710526316,681.342105263,98665.0,0097-0004-0681,1,WT
65,32172,34.0,93,3.5155,284.5,684.0,98665.0,0094-0003-0684,1,WT
66,32209,52.0,96,4.545,471.653846154,701.346153846,98665.0,0097-0009-0702,1,WT
66,32241,25.0,99,3.09125,466.94,708.1,98665.0,0100-0005-0708,1,WT
66,32197,38.0,95,3.6505,474.342105263,697.973684211,98665.0,0096-0007-0698,1,WT
66,32233,31.0,98,3.411,467.274193548,702.661290323,98665.0,0099-0009-0702,1,WT
66,32187,37.0,94,3.9005,479.716216216,699.635135135,98665.0,0095-0009-0699,1,WT
67,32176,29.0,93,3.30275,298.74137931,713.982758621,98665.0,0094-0007-0714,1,WT
67,32211,42.0,96,4.055,295.428571429,713.571428571,98665.0,0097-0011-0713,1,WT
67,32199,35.0,95,3.62125,295.1,712.985714286,98665.0,0096-0009-0713,1,WT
67,32188,39.0,94,3.7655,298.371794872,714.628205128,98665.0,0095-0010-0714,1,WT
68,32224,97.0,97,5.9515,447.43814433,724.932989691,98665.0,0098-0011-0725,1,WT
68,32258,69.0,101,4.95425,444.804347826,714.326086957,98665.0,0102-0007-0714,1,WT
68,32323,89.0,108,5.6325,451.47752809,709.106741573,98665.0,0109-0006-0709,1,WT
68,32200,91.0,95,5.75,448.631868132,738.510989011,98665.0,0096-0010-0738,1,WT
68,32296,84.0,105,5.55175,447.952380952,714.738095238,98665.0,0106-0009-0715,1,WT
68,32266,70.0,102,4.97175,444.742857143,715.085714286,98665.0,0103-0007-0715,1,WT
68,32236,94.0,98,5.8825,444.404255319,718.574468085,98665.0,0099-0012-0718,1,WT
68,32178,74.0,93,5.60525,448.310810811,749.432432432,98665.0,0094-0009-0749,1,WT
68,32243,96.0,99,6.0795,442.135416667,716.5625,98665.0,0100-0007-0716,1,WT
68,32275,74.0,103,5.045,445.324324324,713.891891892,98665.0,0104-0008-0714,1,WT
68,32307,89.0,106,5.7605,445.185393258,713.207865169,98665.0,0107-0010-0713,1,WT
68,32213,102.0,96,6.316,446.705882353,732.284313725,98665.0,0097-0013-0732,1,WT
68,32250,96.0,100,5.91125,443.40625,715.072916667,98665.0,0101-0007-0715,1,WT
68,32316,89.0,107,5.67625,445.533707865,713.308988764,98665.0,0108-0008-0713,1,WT
68,32285,81.0,104,5.27075,445.648148148,714.820987654,98665.0,0105-0009-0714,1,WT
68,32190,88.0,94,6.00925,448.75,740.920454545,98665.0,0095-0012-0741,1,WT
69,32288,187.0,105,8.55225,601.339572193,611.237967914,98665.0,0106-0001-0611,1,WT
69,32226,87.0,98,5.42625,602.545977011,623.201149425,98665.0,0099-0002-0623,1,WT
69,32260,212.0,102,9.19575,601.424528302,614.849056604,98665.0,0103-0001-0615,1,WT
69,32202,81.0,96,5.422,610.450617284,629.314814815,98665.0,0097-0002-0629,1,WT
69,32299,180.0,106,8.0,601.894444444,610.694444444,98665.0,0107-0002-0610,1,WT
69,32268,203.0,103,8.94375,601.795566502,613.056650246,98665.0,0104-0001-0613,1,WT
69,32237,242.0,99,10.20875,604.049586777,615.388429752,98665.0,0100-0001-0616,1,WT
69,32244,242.0,100,10.45075,602.814049587,615.851239669,98665.0,0101-0001-0616,1,WT
69,32277,197.0,104,8.76525,600.647208122,611.474619289,98665.0,0105-0001-0612,1,WT
69,32309,142.0,107,7.16175,595.169014085,614.204225352,98665.0,0108-0001-0614,1,WT
69,32215,85.0,97,5.4155,610.017647059,627.288235294,98665.0,0098-0002-0627,1,WT
69,32253,235.0,101,10.587,601.653191489,613.538297872,98665.0,0102-0002-0615,1,WT
69,32319,61.0,108,5.27125,591.43442623,616.926229508,98665.0,0109-0002-0616,1,WT
70,32259,38.0,101,3.97525,466.736842105,731.710526316,98665.0,0102-0008-0732,1,WT
70,32251,28.0,100,3.154,471.428571429,724.428571429,98665.0,0101-0008-0724,1,WT
71,32352,587.0,112,15.34225,266.564735945,703.428449744,98665.0,0113-0005-0705,1,WT
71,32384,694.0,118,16.71275,279.23054755,694.53314121,98665.0,0119-0001-0696,1,WT
71,32257,76.0,101,5.64525,259.723684211,709.710526316,98665.0,0102-0006-0709,1,WT
71,32322,601.0,108,16.67625,267.090682196,707.839434276,98665.0,0109-0005-0711,1,WT
71,32291,343.0,105,13.12,263.237609329,706.806122449,98665.0,0106-0004-0707,1,WT
71,32390,732.0,119,17.989,281.228142077,695.005464481,98665.0,0120-0001-0695,1,WT
71,32359,606.0,113,16.4495,267.01980198,702.336633663,98665.0,0114-0004-0704,1,WT
71,32265,79.0,102,5.295,261.626582278,709.917721519,98665.0,0103-0006-0710,1,WT
71,32329,635.0,109,16.267,266.118897638,705.553543307,98665.0,0110-0003-0708,1,WT
71,32396,706.0,120,17.83925,280.672804533,694.264872521,98665.0,0121-0001-0695,1,WT
71,32366,605.0,114,14.9915,267.733057851,702.652066116,98665.0,0115-0004-0704,1,WT
71,32303,433.0,106,14.43925,264.098152425,707.779445727,98665.0,0107-0006-0710,1,WT
71,32272,154.0,103,9.13825,261.097402597,707.642857143,98665.0,0104-0005-0706,1,WT
71,32336,572.0,110,15.72625,265.089160839,705.533216783,98665.0,0111-0004-0708,1,WT
71,32370,611.0,115,15.5135,268.796235679,701.473813421,98665.0,0116-0003-0702,1,WT
71,32344,603.0,111,17.0735,266.781923715,703.85986733,98665.0,0112-0004-0706,1,WT
71,32376,596.0,116,15.337,274.474832215,699.541946309,98665.0,0117-0003-0700,1,WT
71,32281,223.0,104,10.67475,261.419282511,706.360986547,98665.0,0105-0005-0705,1,WT
71,32313,477.0,107,16.498,265.313417191,707.678197065,98665.0,0108-0005-0710,1,WT
71,32380,724.0,117,16.5335,277.83839779,695.993093923,98665.0,0118-0001-0698,1,WT
72,32293,27.0,105,3.26775,512.611111111,705.611111111,98665.0,0106-0006-0706,1,WT
72,32283,25.0,104,2.927,514.9,702.46,98665.0,0105-0007-0702,1,WT
72,32302,30.0,106,3.30275,511.133333333,697.133333333,98665.0,0107-0005-0697,1,WT
73,32305,41.0,106,3.9005,308.402439024,710.231707317,98665.0,0107-0008-0710,1,WT
73,32337,43.0,110,3.9005,311.38372093,705.38372093,98665.0,0111-0005-0705,1,WT
73,32353,39.0,112,3.886,310.987179487,704.756410256,98665.0,0113-0006-0704,1,WT
73,32274,42.0,103,3.87125,307.738095238,704.357142857,98665.0,0104-0007-0704,1,WT
73,32324,28.0,108,3.25625,306.107142857,712.142857143,98665.0,0109-0007-0712,1,WT
73,32294,38.0,105,3.8115,305.842105263,709.921052632,98665.0,0106-0007-0710,1,WT
73,32264,41.0,102,3.82925,303.93902439,704.93902439,98665.0,0103-0005-0705,1,WT
73,32361,45.0,113,4.1805,301.122222222,706.011111111,98665.0,0114-0006-0706,1,WT
73,32314,31.0,107,3.30275,307.919354839,708.951612903,98665.0,0108-0006-0709,1,WT
73,32346,44.0,111,3.9005,307.545454545,707.431818182,98665.0,0112-0006-0707,1,WT
73,32331,43.0,109,4.09775,306.127906977,709.5,98665.0,0110-0005-0709,1,WT
73,32284,45.0,104,4.1505,310.922222222,705.033333333,98665.0,0105-0008-0705,1,WT
74,32354,185.0,112,8.0,332.235135135,708.397297297,98665.0,0113-0007-0708,1,WT
74,32387,197.0,118,8.272,338.860406091,696.728426396,98665.0,0119-0004-0697,1,WT
74,32325,183.0,108,7.91075,330.352459016,716.581967213,98665.0,0109-0008-0716,1,WT
74,32295,186.0,105,7.97225,324.043010753,716.774193548,98665.0,0106-0008-0717,1,WT
74,32360,187.0,113,7.91075,333.601604278,706.927807487,98665.0,0114-0005-0707,1,WT
74,32393,196.0,119,8.12325,341.882653061,695.362244898,98665.0,0120-0004-0695,1,WT
74,32330,188.0,109,7.91075,332.287234043,712.739361702,98665.0,0110-0004-0713,1,WT
74,32367,191.0,114,8.07975,333.835078534,706.369109948,98665.0,0115-0005-0706,1,WT
74,32399,193.0,120,8.022,339.961139896,695.484455959,98665.0,0121-0004-0695,1,WT
74,32306,192.0,106,8.19075,329.0,715.666666667,98665.0,0107-0009-0716,1,WT
74,32338,196.0,110,8.34,328.683673469,711.178571429,98665.0,0111-0006-0711,1,WT
74,32372,191.0,115,8.14625,332.117801047,703.04973822,98665.0,0116-0005-0703,1,WT
74,32345,191.0,111,8.05125,329.803664921,709.410994764,98665.0,0112-0005-0709,1,WT
74,32378,194.0,116,8.05125,333.675257732,701.664948454,98665.0,0117-0005-0701,1,WT
74,32315,183.0,107,8.06575,328.827868852,715.112021858,98665.0,0108-0007-0715,1,WT
74,32286,174.0,104,8.007,322.695402299,716.683908046,98665.0,0105-0010-0717,1,WT
74,32382,195.0,117,8.05125,337.843589744,699.597435897,98665.0,0118-0003-0699,1,WT
75,32339,80.0,110,5.39025,513.35,727.7,98665.0,0111-0007-0727,1,WT
75,32355,81.0,112,5.295,504.314814815,712.018518519,98665.0,0113-0008-0712,1,WT
75,32276,69.0,103,5.045,528.413043478,745.152173913,98665.0,0104-0009-0745,1,WT
75,32308,85.0,106,5.72475,526.570588235,741.323529412,98665.0,0107-0011-0741,1,WT
75,32326,77.0,108,5.1005,518.448051948,739.045454545,98665.0,0109-0009-0739,1,WT
75,32297,76.0,105,5.1655,527.815789474,744.263157895,98665.0,0106-0010-0744,1,WT
75,32267,56.0,102,4.73425,527.785714286,747.517857143,98665.0,0103-0008-0747,1,WT
75,32347,85.0,111,5.3505,508.276470588,719.535294118,98665.0,0112-0007-0719,1,WT
75,32332,82.0,109,5.401,512.402439024,727.548780488,98665.0,0110-0006-0727,1,WT
75,32317,80.0,107,5.39025,522.175,739.8125,98665.0,0108-0009-0740,1,WT
75,32287,66.0,104,4.86,528.727272727,745.863636364,98665.0,0105-0011-0746,1,WT
76,32280,61.0,104,5.662,495.975409836,688.270491803,98665.0,0105-0004-0687,1,WT
76,32271,39.0,103,4.679,494.679487179,688.602564103,98665.0,0104-0004-0687,1,WT
77,32242,54.0,99,4.64875,292.62962963,711.87037037,98665.0,0100-0006-0712,1,WT
77,32212,28.0,96,3.30275,283.107142857,725.321428571,98665.0,0097-0012-0725,1,WT
77,32235,61.0,98,4.6005,284.139344262,715.467213115,98665.0,0099-0011-0715,1,WT
77,32223,56.0,97,4.70425,282.839285714,716.410714286,98665.0,0098-0010-0716,1,WT
78,32327,34.0,109,3.4525,637.5,578.911764706,98665.0,0110-0001-0579,1,WT
78,32318,26.0,108,2.927,641.5,578.0,98665.0,0109-0001-0578,1,WT
79,32356,28.0,113,3.2025,635.5,514.0,98665.0,0114-0001-0514,1,WT
79,32341,33.0,111,3.5155,643.924242424,500.46969697,98665.0,0112-0001-0500,1,WT
79,32348,29.0,112,3.4525,640.603448276,508.982758621,98665.0,0113-0001-0509,1,WT
79,32333,25.0,110,3.2025,636.46,510.9,98665.0,0111-0001-0511,1,WT
80,32368,26.0,115,3.05275,619.153846154,574.769230769,98665.0,0116-0001-0574,1,WT
80,32342,30.0,111,3.4525,627.9,582.333333333,98665.0,0112-0002-0582,1,WT
80,32363,29.0,114,3.70175,620.327586207,577.431034483,98665.0,0115-0001-0577,1,WT
80,32349,27.0,112,3.154,626.611111111,582.944444444,98665.0,0113-0002-0582,1,WT
80,32334,37.0,110,3.7655,626.635135135,589.689189189,98665.0,0111-0002-0589,1,WT
81,32385,170.0,118,7.53125,313.288235294,686.911764706,98665.0,0119-0002-0687,1,WT
81,32371,34.0,115,3.404,319.0,689.794117647,98665.0,0116-0004-0689,1,WT
81,32391,178.0,119,7.94075,315.202247191,686.393258427,98665.0,0120-0002-0686,1,WT
81,32377,45.0,116,3.986,322.366666667,689.055555556,98665.0,0117-0004-0689,1,WT
81,32364,50.0,114,4.236,324.76,686.66,98665.0,0115-0002-0687,1,WT
81,32397,172.0,120,7.56975,312.837209302,685.081395349,98665.0,0121-0002-0685,1,WT
81,32381,218.0,117,9.58275,315.201834862,688.19266055,98665.0,0118-0002-0688,1,WT
82,32386,25.0,118,3.177,328.34,684.9,98665.0,0119-0003-0685,1,WT
82,32392,42.0,119,3.9005,330.928571429,684.214285714,98665.0,0120-0003-0684,1,WT
82,32398,50.0,120,4.5,328.98,684.32,98665.0,0121-0003-0684,1,WT
83,32400,26.0,120,3.177,306.192307692,713.0,98665.0,0121-0005-0713,1,WT
83,32394,25.0,119,2.927,309.1,711.46,98665.0,0120-0005-0711,1,WT
84,32218,27.0,97,3.36675,336.277777778,681.87037037,98665.0,0098-0005-0682,1,WT
84,32205,26.0,96,2.927,341.5,684.0,98665.0,0097-0005-0684,1,WT
85,32114,26.0,83,3.05275,632.346153846,567.615384615,98665.0,0084-0001-0567,1,WT
85,32120,26.0,84,3.217,635.807692308,574.038461538,98665.0,0085-0001-0574,1,WT
86,32357,97.0,113,5.90025,504.932989691,686.211340206,98665.0,0114-0002-0685,1,WT
86,32350,31.0,112,3.4525,505.951612903,681.790322581,98665.0,0113-0003-0682,1,WT
87,32389,49.0,118,4.91225,394.459183673,730.418367347,98665.0,0119-0006-0730,1,WT
87,32373,28.0,115,3.05275,399.642857143,739.0,98665.0,0116-0006-0739,1,WT
87,32379,31.0,116,3.4525,389.951612903,736.790322581,98665.0,0117-0006-0737,1,WT
87,32395,35.0,119,3.87175,394.442857143,725.1,98665.0,0120-0006-0725,1,WT
87,32383,52.0,117,4.8505,394.423076923,731.230769231,98665.0,0118-0004-0731,1,WT
